Word,Date,Collocation,Notes,PoS,Meaning
unintelligible,2020-09-08,NaN,NaN,adjective,anlaşılmaz
disposed,2020-09-08,NaN,NaN,adjective,hazır/eğilimli
zephyr,2020-09-08,NaN,NaN,noun,ince kumaş-gömlek/batı rüzgarı
epitaph,2020-09-08,NaN,NaN,noun,mezar yazısı
ostensible,2020-09-08,NaN,NaN,adjective,sözde/görünürde
sybarite,2020-09-08,NaN,NaN,noun,hovarda
pontificate,2020-09-08,about/on smt,pnc. difference n/v,"noun, verb",papalık/ahkam kesmek
cascade,2020-09-09,NaN,NaN,"adjective, noun",kademeli/çağlayan
crumb,2020-09-09,NaN,"""breadcrumb""","noun, verb",kırıntı/galetaya bulamak
volatile,2020-09-09,NaN,NaN,adjective,uçucu/geçici
auxiliary,2020-09-09,NaN,NaN,"noun, adjective",yardımcı
proximate,2020-09-09,NaN,>approximate,adjective,en yakın/yaklaşık
insouciant,2020-09-10,NaN,NaN,adjective,ilgisiz/kaygısız
precept,2020-09-10,NaN,NaN,noun,kural/emir
discretionary,2020-09-10,NaN,NaN,adjective,isteğe bağlı/ihtiyari
demijohn,2020-09-10,NaN,NaN,noun,damacana
porch,2020-09-11,NaN,NaN,noun,veranda
strangle,2020-09-12,NaN,NaN,verb,boğmak/boğazlamak
candor,2020-09-12,NaN,NaN,noun,samimiyet/açık sözlülük
gratuitous,2020-09-12,NaN,NaN,adjective,gereksiz/nedensiz
deride,2020-09-14,NaN,NaN,verb,aşağılamak
forsake,2020-09-14,NaN,NaN,verb,zor durumda terketmek
scold,2020-09-14,NaN,NaN,"noun, verb",huysuz kadın/azarlamak
cumulative,2020-09-14,NaN,NaN,adjective,birikimli/birikmiş
placate,2020-09-14,NaN,NaN,verb,yatıştırmak/sakinleştirmek
riddance,2020-09-15,NaN,NaN,noun,kurtulma/başından atma
tangle,2020-09-15,with,NaN,"noun, verb",arapsaçı/dolaştırmak
latrine,2020-09-15,NaN,communal one in a camp or barracks.,noun,tuvalet/hela
communal,2020-09-15,NaN,NaN,adjective,toplumsal/müşterek
shun,2020-09-15,NaN,NaN,verb,çekinmek/uzak durmak
confidant,2020-09-17,NaN,NaN,noun,sırdaş
enmity,2020-09-17,NaN,NaN,noun,düşmanlık/nefret
insatiable,2020-09-17,NaN,NaN,adjective,doyumsuz/açgözlü
brusque,2020-09-17,NaN,NaN,adjective,kaba/nezaketsiz
inept,2020-09-17,NaN,NaN,adjective,beceriksiz
indolent,2020-09-17,NaN,NaN,adjective,tembel/uyuşuk
demure,2020-09-19,NaN,typically used of a woman,adjective,mütevazi/çekingen
governess,2020-09-19,NaN,NaN,noun,mürebbiye/eğitici kadın
pert,2020-09-19,NaN,NaN,adjective,şımarık kadın/şuh
impertinent,2020-09-19,NaN,NaN,adjective,küstah/terbiyesiz
burnish,2020-09-20,NaN,NaN,verb,cilalamak/parlatmak
dejected,2020-09-20,NaN,NaN,adjective,keyifsiz/üzgün
hush,2020-09-20,NaN,NaN,"verb, noun",susturmak-sakinleştirmek/sessizlik
contend,2020-09-20,NaN,NaN,verb,baş etmek/iddia etmek
apostasy,2020-09-20,NaN,NaN,noun,irtidat/döneklik
excavation,2020-09-22,NaN,NaN,noun,kazı/hafriyat
despot,2020-09-22,NaN,NaN,noun,despot/acımasız/diktatör
sly,2020-09-22,NaN,NaN,adjective,sinsi/kurnaz
deceit,2020-09-22,NaN,NaN,noun,aldatma/hile
furtive,2020-09-22,NaN,NaN,adjective,kaçamak/gizli
gluttony,2020-09-23,NaN,NaN,noun,oburluk/açgözlülük
decry,2020-09-23,NaN,NaN,verb,alenen kınamak/rezil etmek
extol,2020-09-23,NaN,NaN,verb,övmek/methetmek
impudent,2020-09-23,NaN,NaN,adjective,küstah/saygısız
acquiesce,2020-09-23,in/to,#,verb,isteksizce kabul etmek
fabricate,2020-09-24,NaN,NaN,verb,uydurmak/sahtesini yapmak
cajole,2020-09-24,NaN,NaN,verb,tatlı sözle ikna etmek
brazen/brazen it out,2020-09-24,smt out,NaN,"adjective, verb",utanmaz/yüzsüzlüğe vurmak
insular,2020-09-24,NaN,NaN,adjective,dar görüşlü/adayla ilgili
debase,2020-09-24,NaN,NaN,verb,değerini düşürmek/bozmak
chide,2020-09-25,NaN,NaN,verb,azarlamak/ayıplamak
circumspect,2020-09-25,NaN,NaN,adjective,ihtiyatlı/dikkatli
infamy,2020-09-25,NaN,NaN,noun,kötü şöhret
embezzle,2020-09-25,NaN,NaN,verb,zimmetine geçirmek/çalmak
flabbergast,2020-09-25,NaN,NaN,verb,şaşırtmak/hayret ettirmek
avarice,2020-09-26,NaN,NaN,noun,açgözlülük/para hırsı
aberration,2020-09-26,NaN,NaN,noun,aberasyon/sapma
arcane,2020-09-26,NaN,NaN,adjective,gizemli/sır dolu
erudite,2020-09-26,NaN,NaN,adjective,bilge/bilimsel
hypocrisy,2020-09-26,NaN,NaN,noun,iki yüzlülük
deference,2020-09-27,NaN,NaN,noun,saygı/hürmet
callous,2020-09-27,NaN,NaN,"adjective, verb",duygusuz/duygusuzlaşmak
intrepid,2020-09-27,NaN,rhetorical/humorous,adjective,cesur/korkusuz
haughty,2020-09-27,NaN,NaN,adjective,kibirli
elate,2020-09-27,NaN,NaN,verb,neşelendirmek/sevindirmek
coherent,2020-09-28,NaN,NaN,adjective,tutarlı/yapışık
coerce,2020-09-28,NaN,NaN,verb,zorlamak/baskı yapmak
complacency,2020-09-28,NaN,NaN,noun,gönül rahatlığı
connive,2020-09-28,NaN,*,verb,göz yummak
custody,2020-09-28,NaN,NaN,noun,velayet/gözetim
compassion,2020-09-30,NaN,NaN,noun,merhamet
mud,2020-09-30,NaN,NaN,noun,çamur
seesaw,2020-09-30,NaN,NaN,"noun, verb",tahterevalli/inip çıkmak
swing,2020-09-30,NaN,NaN,"noun, verb",salıncak/sallanmak
carousel,2020-09-30,NaN,NaN,noun,atlıkarınca
yeast,2020-09-30,NaN,NaN,noun,maya
abhor,2020-10-01,NaN,NaN,verb,nefret etmek/iğrenmek
eloquent,2020-10-01,NaN,NaN,adjective,dokunaklı-güzel konuşan
alacrity,2020-10-01,NaN,NaN,noun,heves/canlılık
appease,2020-10-01,NaN,NaN,verb,yatıştırmak/sakinleştirmek
amiable,2020-10-02,NaN,NaN,adjective,sevimli/cana yakın
dais,2020-10-02,NaN,NaN,noun,kürsü
petulant,2020-10-02,NaN,NaN,adjective,alıngan/huysuz
proletariat,2020-10-02,NaN,NaN,noun,işçi sınıfı/proletarya
gilded,2020-10-02,NaN,NaN,adjective,altın yaldızlı/altın kaplama
offal,2020-10-03,NaN,NaN,noun,sakatat
spool,2020-10-03,NaN,NaN,"noun, verb",makara-bobin/makaraya sarmak/bobine sarmak
lam,2020-10-03,NaN,NaN,verb,sertçe vurmak
huckster,2020-10-03,NaN,NaN,noun,madrabaz/işportacı
moue,2020-10-03,NaN,NaN,verb,dudak bükmek
concise,2020-10-04,NaN,NaN,adjective,özlü/kısa
brevity,2020-10-04,NaN,NaN,noun,kısalık/özlük
tout,2020-10-04,NaN,NaN,"noun, verb",çığırtkan satıcı/çığırtkanlık etmek
sprinkle,2020-10-04,NaN,NaN,"noun, verb",tutam/serpmek-sulamak
ailing,2020-10-04,NaN,NaN,adjective,hasta/rahatsız
vivid,2020-10-06,NaN,NaN,adjective,canlı/parlak
vermilion,2020-10-06,NaN,NaN,"noun, adjective",cıva sülfürden yapılan parlak kırmızı pigment/parlak kırmızı
precis,2020-10-06,NaN,NaN,"noun, verb",özet/özetlemek
remorse,2020-10-06,NaN,NaN,noun,pişmanlık/vicdan azabı
brood,2020-10-06,NaN,NaN,"noun, verb",kuluçka/düşünceye dalmak
consigliere,2020-10-11,NaN,esp. to a crime boss,noun,danışman
rodent,2020-10-11,NaN,NaN,"noun, adjective",kemirgen
menace,2020-10-11,NaN,NaN,noun,tehdit
apprehension,2020-10-11,NaN,NaN,noun,endişe/anlama/tutuklama
hooch,2020-10-11,NaN,esp. inferior or illicit whiskey,noun,alkollü içki
fortress,2020-10-12,NaN,NaN,noun,kale/hisar
cinnamon,2020-10-12,NaN,NaN,"noun, adjective",tarçın-tarçın ağacı/tarçıni
conman,2020-10-12,NaN,NaN,noun,dolandırıcı
mope,2020-10-12,NaN,NaN,"verb, noun",üzgün olmak/sıkıcı tip
flare,2020-10-12,NaN,NaN,"noun, verb",parlama/alevlenmek-genişlemek
peripheral,2020-10-13,NaN,NaN,"adjective, noun",çevresel/çevresel cihaz
exculpation,2020-10-13,NaN,NaN,noun,aklanma/aklama
fudge,2020-10-13,NaN,NaN,"verb, noun",geçiştirmek/yumuşak şeker
cynicism,2020-10-13,NaN,NaN,noun,kinizm
caprice,2020-10-13,NaN,NaN,noun,geçici istek/değişken davranış
entreat,2020-10-14,NaN,NaN,noun,yalvarmak/üstelemek
vain,2020-10-14,NaN,NaN,adjective,kibirli/nafile
conjecture,2020-10-14,NaN,NaN,"noun, verb",varsayım/varsaymak
grimace,2020-10-14,NaN,NaN,"noun, verb",yüz buruşturma/yüz buruşturmak
staccato,2020-10-14,NaN,NaN,adverb,kesik kesik/kesik ve kuvvetli
philanthropy,2020-10-15,NaN,NaN,noun,hayırseverlik
sullen,2020-10-15,NaN,NaN,adjective,somurtgan/kasvetli
sallow,2020-10-15,NaN,NaN,adjective,solgun/benzi sararmış
deuce,2020-10-15,NaN,NaN,noun,şeytan/beraberlik
comely,2020-10-15,NaN,NaN,adjective,güzel/alımlı
blunder,2020-10-16,NaN,NaN,"noun, verb",gaf-pot/pot kırmak
interpolate,2020-10-16,NaN,NaN,verb,katmak/arasına sokmak
uncouth,2020-10-16,NaN,NaN,adjective,hoyrat/kaba
scrupulous,2020-10-16,NaN,NaN,adjective,dikkatli/titiz
hiatus,2020-10-16,NaN,NaN,noun,boşluk/aralık
indignation,2020-10-17,NaN,haksızlığa karşı,noun,öfke
lithe,2020-10-17,NaN,(esp. of a person's body),adjective,kıvrak/esnek
endeavor,2020-10-17,NaN,NaN,noun,çaba/uğraş
merit,2020-10-17,NaN,NaN,noun,değer/yararlık
hairpin,2020-10-17,NaN,NaN,noun,keskin viraj/firkete
languid,2020-10-18,NaN,NaN,adjective,durgun/baygın
pallid,2020-10-18,NaN,NaN,adjective,solgun
truculent,2020-10-18,NaN,NaN,adjective,vahşi/acımasız
tremulous,2020-10-18,NaN,NaN,adjective,titrek/ürkek
panegyric,2020-10-18,NaN,public speech/text,noun,methiye
gauze,2020-10-19,NaN,NaN,noun,gazlı bez/sargı bezi
gleam,2020-10-19,NaN,esp. reflected from smt.,"noun, verb",parıltı/parıldamak
beaker,2020-10-19,NaN,NaN,noun,beher/deney şişesi
vinegar,2020-10-19,NaN,NaN,noun,sirke
odor,2020-10-19,NaN,NaN,noun,koku/izlenim
perforated,2020-10-20,NaN,NaN,adjective,delikli/delinmiş
clamp,2020-10-20,NaN,NaN,"noun, verb",kelepçe-kıskaç/sıkıştırmak
decantation,2020-10-20,NaN,chemical,noun,boşaltma
flit,2020-10-20,NaN,NaN,"noun, verb",taşınma/uçuşmak-taşınmak
squander,2020-10-20,NaN,NaN,"noun, verb",israf/israf etmek
lionize,2020-10-21,NaN,NaN,verb,ünlü muamelesi yapmak
willful,2020-10-21,NaN,NaN,adjective,kasıtlı/söz dinlemez
disquiet,2020-10-21,NaN,NaN,"noun, verb",huzursuzluk/huzurunu bozmak
colonel,2020-10-21,NaN,NaN,noun,albay
enormity,2020-10-21,NaN,NaN,noun,kötülük/alçaklık
trough,2020-10-22,NaN,NaN,noun,yalak/oluk
beckon,2020-10-22,NaN,NaN,verb,işaret etmek/işaretle çağırmak
shepherd,2020-10-22,NaN,NaN,noun,çoban
parch,2020-10-22,NaN,NaN,"noun, verb",kurumak/kurutmak
presage,2020-10-22,NaN,NaN,"noun, verb",kehanet/kehanette bulunmak
gesticulate,2020-10-23,NaN,NaN,verb,jest yapmak/el hareketi ile konuşmak
cozy,2020-10-23,NaN,NaN,adjective,rahat/konforlu
reverend,2020-10-23,NaN,NaN,"noun, adjective",peder/saygıdeğer
clergy,2020-10-23,NaN,NaN,noun,rahipler sınıfı/ruhban sınıfı
gauge,2020-10-23,NaN,NaN,"noun, verb",ölçü-ölçme aleti/ölçmek
machete,2020-10-25,NaN,NaN,noun,pala
entrails,2020-10-25,NaN,NaN,noun,iç organlar
preempt,2020-10-25,NaN,NaN,verb,önceden ayırmak/önceden satın almak
drab,2020-10-25,NaN,NaN,"adjective, noun",sıkıcı/donuk açık kahverengi-fahişe
flicker,2020-10-25,NaN,NaN,"noun, verb",titreme/alevlenmek
humbug,2020-10-27,NaN,NaN,"noun, verb",riyakarlık-şarlatan/aldatmak
lucrative,2020-10-27,NaN,NaN,adjective,kârlı/kazançlı
zest,2020-10-27,NaN,NaN,noun,lezzet/çeşni
grotesque,2020-10-27,NaN,NaN,"noun, adjective",grotesk figür/garip-gülünç
listless,2020-10-27,NaN,NaN,adjective,ilgisiz/cansız
wry,2020-10-28,NaN,NaN,adjective,alaycı/çarpık
abstruse,2020-10-28,NaN,NaN,adjective,anlaşılması zor
dowdy,2020-10-28,NaN,NaN,"adjective, noun",pasaklı kadın/elmalı turta
carnal,2020-10-28,NaN,NaN,adjective,cinsel/bedensel
facile,2020-10-28,NaN,NaN,adjective,basit ve ustaca
valet,2020-10-28,NaN,NaN,noun,uşak
pathos,2020-10-29,NaN,NaN,noun,acınma duygusu uyandıran nitelik
plaintive,2020-10-29,NaN,NaN,adjective,hüzün dolu
gaudy,2020-10-29,NaN,NaN,"adjective, noun",şatafatlı/mezunlar ziyafeti
ribbon,2020-10-29,NaN,NaN,noun,kurdele/şerit
tawdry,2020-10-30,NaN,NaN,adjective,zevksiz/zevksizce süslenmiş
sensuous,2020-10-30,NaN,NaN,adjective,hissi/duygulara hitap eden
tarry,2020-10-30,NaN,NaN,"adjective, verb",katranlı/oyalanmak
frieze,2020-10-30,NaN,NaN,noun,friz-duvar süsü/kaba yün kumaş
munificent,2020-10-30,NaN,NaN,adjective,eli açık/cömert
protege,2020-10-31,NaN,NaN,noun,korunan-kayrılan kimse
brocade,2020-10-31,NaN,NaN,noun,sırmalı ipek kumaş/brokar
ministerial,2020-10-31,NaN,NaN,noun,bakanlık
lethargy,2020-10-31,NaN,NaN,noun,letarji/uyuşukluk
pervade,2020-11-03,NaN,NaN,verb,yayılmak/sinmek
mutiny,2020-11-03,NaN,NaN,noun,isyan/ayaklanma
hospice,2020-11-03,NaN,NaN,noun,darülaceze/düşkünler evi
supercilious,2020-11-03,NaN,NaN,adjective,tepeden bakan/kibirli
turbid,2020-11-03,NaN,NaN,adjective,bulanık
estuary,2020-11-03,NaN,NaN,noun,nehir ağzı/haliç
subaltern,2020-11-06,NaN,officer in the British army,"adjective, noun",alt/ast/ikinci teğmen
blackout,2020-11-06,NaN,NaN,noun,karartma/bayılma/örtbas etme
akin,2020-11-06,to,NaN,adjective,benzeyen
overhaul,2020-11-06,NaN,NaN,noun,bakım/elden geçirme
ballot,2020-11-06,NaN,NaN,noun,oylama/oy pusulası
constituent,2020-11-12,NaN,NaN,"adjective, noun",kurucu-oluşturan/bileşen
iridescent,2020-11-12,NaN,NaN,adjective,yanardöner/ oynadıkça renk değiştiren
malady,2020-11-12,NaN,NaN,noun,illet/hastalık
myriad,2020-11-12,NaN,NaN,"adjective, noun",sayısız-çok büyük sayıda
crucible,2020-11-12,NaN,NaN,noun,pota
soliloquy,2020-11-16,NaN,NaN,noun,monolog
apostrophe,2020-11-16,NaN,NaN,noun,apostrof/ başkası için söylenen söz
endorse,2020-11-16,NaN,NaN,verb,desteklemek/onaylamak
catastrophe,2020-11-16,NaN,NaN,noun,afet/felaket
albeit,2020-11-16,NaN,although,conjunction,gerçi
dissimulation,2020-11-17,NaN,NaN,noun,duygularını saklama/gizleme
magnanimous,2020-11-17,NaN,NaN,adjective,bağışlayıcı/yüce
obeisance,2020-11-17,NaN,NaN,noun,hürmet/saygı
piquancy,2020-11-17,NaN,NaN,noun,acılık/keskinlik/ilginç gelen yön
preclude,2020-11-17,NaN,NaN,verb,önlemek/engellemek
niggardliness,2020-11-19,NaN,NaN,noun,cimrilik/hasislik
sinecure,2020-11-19,NaN,*,noun,hizmetsiz maaşlı memuriyet
toady,2020-11-19,NaN,NaN,"noun, adjective",dalkavuk/yağcı
emaciated,2020-11-19,NaN,NaN,adjective,bir deri bir kemik
amenity,2020-11-19,NaN,NaN,noun,hoşluk/tatlılık
querulous,2020-11-22,NaN,NaN,adjective,yakınan/mızmız
decorous,2020-11-22,NaN,NaN,adjective,zevkli/terbiyeli
punctilious,2020-11-22,NaN,NaN,adjective,aşırı titiz/doğrucu
obsequious,2020-11-22,NaN,NaN,adjective,yaltakçı/aşırı saygılı
tacit,2020-11-22,NaN,NaN,adjective,zımni/söylenmeden anlaşılan
adumbrate,2020-12-01,NaN,NaN,verb,ima etmek/dokundurmak
anathema,2020-12-01,NaN,NaN,noun,aforoz/lanet edilen şey
acumen,2020-12-01,NaN,NaN,noun,zeka/çabuk kavrama
abjure,2020-12-01,NaN,NaN,verb,tövbe etmek/reddetmek
abrogate,2020-12-01,NaN,NaN,verb,fesh etmek/yürürlükten kaldırmak
hapless,2020-12-02,NaN,NaN,adjective,talihsiz/bahtsız
negligent,2020-12-02,NaN,NaN,adjective,ihmal/umursamaz
abscond,2020-12-02,NaN,NaN,verb,kanundan kaçmak
utilitarian,2020-12-02,NaN,NaN,"adjective, noun",faydacı-yararlı/faydacı kimse
profligate,2020-12-02,NaN,NaN,"adjective, noun",savurgan-ahlaksız/hovarda
inure,2020-12-03,NaN,NaN,verb,alıştırmak/ yürürlüğe girmek
quixote,2020-12-03,NaN,c.f. Don Quixote,adjective,umutsuzca idealist/hayalperest
swarthy,2020-12-03,NaN,NaN,adjective,esmer/yağız
covet,2020-12-03,NaN,NaN,verb,imrenmek/gıpta etmek
circumvent,2020-12-03,NaN,NaN,verb,atlatmak/bir yolunu bulmak/alt etmek
maudlin,2020-12-05,NaN,NaN,adjective,içip ağlayan/sarhoş ve duygusal
reprobate,2020-12-05,NaN,often used humorously or affectionately,"noun, adjective, verb",günahkar/ahlaksız/lanetlemek-kınamak
exacerbate,2020-12-05,NaN,NaN,verb,kötüleştirmek/kızdırmak
admonish,2020-12-05,NaN,NaN,verb,uyarmak/azarlamak
tome,2020-12-05,NaN,NaN,noun,kalın kitap/cilt
penchant,2020-12-09,NaN,NaN,noun,tutku/eğilim
beguile,2020-12-09,NaN,in a deceptive way,verb,eğlendirmek/büyülemek
obdurate,2020-12-10,NaN,NaN,adjective,inatçı/taş kalpli
extant,2020-12-10,NaN,NaN,adjective,varlığını kaybetmemiş/kaybolmamış
ostentatious,2020-12-10,NaN,NaN,adjective,gösterişli/havalı
pithy,2020-12-14,NaN,NaN,adjective,kısa ve öz
inexorable,2020-12-14,NaN,NaN,adjective,amansız
amorphous,2020-12-14,NaN,NaN,adjective,amorf/şekilsiz
prurient,2020-12-14,NaN,NaN,adjective,şehvetli/şehvet düşkünü
denigrate,2020-12-14,NaN,NaN,verb,kötülemek/karalamak
paradigm,2021-01-01,NaN,NaN,noun,örnek/kip
maelstrom,2021-01-01,NaN,NaN,noun,büyük girdap
morass,2021-01-01,NaN,NaN,noun,bataklık/zor durum
requisition,2021-01-01,NaN,officially,"noun, verb",talep etmek/el koymak
cogent,2021-01-01,NaN,NaN,adjective,ikna edici/inandırıcı
expiate,2021-01-02,NaN,NaN,verb,cezasını çekmek/kefaret vermek
scurrilous,2021-01-02,NaN,NaN,adjective,küfürlü/aşağılayıcı
forbearance,2021-01-02,NaN,NaN,noun,hoşgörü/tolerans
evince,2021-01-02,NaN,NaN,verb,açığa vurmak/belli etmek
ambivalent,2021-01-02,NaN,NaN,adjective,kararsız/duyguları çelişen
fume hood,2021-01-03,NaN,NaN,noun,davlumbaz
incipient,2021-01-03,NaN,NaN,adjective,yeni başlayan
cherish,2021-01-03,NaN,NaN,verb,beslemek/yaşatmak/bağrına basmak
sash,2021-01-03,NaN,NaN,noun,kuşak/pencere çerçevesi
detriment,2021-01-03,to/of,NaN,noun,zarar/hasar
hollow,2021-01-04,NaN,NaN,"adjective, noun",oyuk/çukur
plume,2021-01-04,NaN,NaN,noun,kuş tüyü
insidious,2021-01-04,NaN,NaN,adjective,sinsi
carouse,2021-01-04,NaN,NaN,verb,kafayı çekmek/içki alemi yapmak
emulate,2021-01-04,NaN,NaN,verb,benzemeye çalışmak/yarışmak
upbraid,2021-01-05,NaN,NaN,verb,haşlamak/çıkışmak
largesse,2021-01-05,NaN,NaN,noun,cömertlik/bağış
incumbent,2021-01-05,NaN,NaN,"adjective, noun",görevdeki/görevli-memur
modicum,2021-01-05,of,esp. smt. desirable/valuable.,noun,az miktar/biraz
plethora,2021-01-05,NaN,NaN,noun,bolluk/kan toplanması
arrogate,2021-01-06,NaN,NaN,verb,atfetmek/üzerine atmak
accede,2021-01-06,NaN,NaN,verb,kabul etmek/yönetime geçmek
solicitous,2021-01-06,NaN,NaN,adjective,istekli/dikkatli-duyarlı
inchoate,2021-01-06,NaN,NaN,adjective,gelişmemiş/tam oluşmamış
extraneous,2021-01-06,NaN,NaN,adjective,yabancı/konu ile ilgisi olmayan
yoke,2021-01-07,NaN,NaN,noun,boyunduruk
surfeit,2021-01-07,of/with,NaN,noun,aşırılık/bıktırmak
blandishment,2021-01-07,NaN,NaN,noun,tatlı söz/yağcılık
alias,2021-01-07,NaN,NaN,"noun, adverb",takma ad/diğer adıyla
amenable,2021-01-07,NaN,NaN,adjective,uysal/mükellef
emend,2021-01-08,NaN,to a text,verb,düzeltmek/değişiklik yapmak
onerous,2021-01-08,NaN,NaN,adjective,ağır/zahmetli
espouse,2021-01-08,NaN,NaN,verb,benimsemek/evlenmek
vociferous,2021-01-08,NaN,NaN,adjective,gürültülü/sesli
travesty,2021-01-08,NaN,NaN,noun,hiciv/hezel
maverick,2021-01-09,NaN,NaN,noun,başına buyruk tip/sahipsiz buzağı
intimation,2021-01-09,NaN,NaN,noun,ima/işaret-ipucu
fallacious,2021-01-09,NaN,NaN,adjective,aldatıcı/safsata
fortuitous,2021-01-09,NaN,NaN,adjective,tesadüfi
relegate,2021-01-09,NaN,NaN,verb,sürmek/rütbesini düşürmek
ebullient,2021-01-10,NaN,NaN,adjective,coşkulu/kaynayan
pellucid,2021-01-10,NaN,NaN,adjective,saydam/şeffaf
idiosyncratic,2021-01-10,NaN,NaN,adjective,bir şeye özgü/nevi şahsına münhasır
palliate,2021-01-10,NaN,NaN,verb,hafifletmek/mazur göstermek
engender,2021-01-10,NaN,NaN,verb,meydana getirmek/doğurmak
edict,2021-01-11,NaN,NaN,noun,ferman/tebliğ
diaphanous,2021-01-11,NaN,NaN,adjective,yarı saydam
intransigent,2021-01-11,NaN,NaN,adjective,uzlaşmaz/inat
debunk,2021-01-11,NaN,NaN,verb,putları kırmak/gerçeği göstermek
nadir,2021-01-11,of,NaN,noun,en aşağı nokta/ayak ucu
solipsism,2021-01-12,NaN,NaN,noun,tekbencilik
calumny,2021-01-12,NaN,NaN,noun,iftira/çamur atma
inane,2021-01-12,NaN,NaN,adjective,anlamsız/beyhude
approbation,2021-01-12,NaN,NaN,noun,onama/takdir
capitulate,2021-01-12,NaN,NaN,verb,teslim olmak/silahları bırakmak
pariah,2021-01-13,NaN,NaN,noun,parya/toplumdan dışlanmış kimse
expurgate,2021-01-13,NaN,NaN,verb,arıtmak/temizlemek
pejorative,2021-01-13,NaN,NaN,adjective,aşağılayıcı
impute,2021-01-13,NaN,NaN,verb,atfetmek/suçlamak
tirade,2021-01-13,NaN,NaN,noun,tirad/uzun eleştiri-suçlama
atrophy,2021-01-14,NaN,NaN,noun,atrofi/körelme
spurious,2021-01-14,NaN,NaN,adjective,sahte/yapay
bereft,2021-01-14,NaN,NaN,adjective,yoksun/kaybetmiş
litigant,2021-01-14,NaN,NaN,"noun, adjective",davacı
diverge,2021-01-15,NaN,NaN,verb,uzaklaşmak/sapmak
injunction,2021-01-15,NaN,NaN,noun,ihtar/mahkeme emri
impinge,2021-01-15,NaN,negative one,verb,çarpmak/etkilemek
abject,2021-01-15,NaN,NaN,adjective,sefil/aşağılık
converge,2021-01-15,NaN,NaN,verb,yakınsamak/birleşmek
swerve,2021-01-16,NaN,NaN,verb,sapmak/saptırmak
expunge,2021-01-16,NaN,NaN,verb,çıkarmak/silmek
grandiloquent,2021-01-16,NaN,NaN,adjective,ihtişamlı/yerinde
promulgate,2021-01-16,NaN,NaN,verb,yaymak/geniş kitlelerce bilinmesini sağlamak
noisome,2021-01-16,NaN,NaN,adjective,pis kokulu/iğrenç
impecunious,2021-01-17,NaN,NaN,adjective,parasız/fakir
contrite,2021-01-17,NaN,NaN,adjective,pişman/suçluluk duyan
conduit,2021-01-17,NaN,NaN,noun,kanal/boru
antediluvian,2021-01-17,NaN,NaN,"adjective, noun",çok eski/eski kafalı kimse
cilantro,2021-01-17,NaN,NaN,noun,kişniş
beam,2021-01-17,NaN,NaN,noun,kiriş/direk/ışın
affluent,2021-01-18,NaN,NaN,adjective,zengin/varlıklı
gourmand,2021-01-18,NaN,NaN,adjective,obur/boğazına düşkün
cognizant,2021-01-18,of,NaN,adjective,bilen/farkında olan
rife,2021-01-18,NaN,NaN,adjective,yaygın/dolu
debacle,2021-01-18,NaN,NaN,noun,yıkım/fiyasko
epistolary,2021-01-19,NaN,NaN,adjective,mektuplardan oluşan
carp,2021-01-19,NaN,NaN,verb,beğenmemek/mızmızlanmak
corpulence,2021-01-19,NaN,NaN,noun,şişmanlık/irilik
contravene,2021-01-19,NaN,NaN,verb,karşı çıkmak/başkaldırmak
trenchant,2021-01-19,NaN,NaN,adjective,keskin/etkili-dokunaklı
perplexity,2021-01-20,NaN,NaN,noun,şaşkınlık/kafa karıştıran şey
fetter,2021-01-20,NaN,NaN,noun,zincir/köstek
mawkish,2021-01-20,NaN,NaN,adjective,iğrenç/tiksindirici
torus,2021-01-20,NaN,NaN,noun,yumru/halka/simit
quandary,2021-01-20,NaN,NaN,noun,ikilem/tereddüd
xenophobia,2021-01-21,NaN,NaN,noun,ksenofobi/yabancı düşmanlığı
avalanche,2021-01-21,NaN,NaN,noun,çığ/heyelan
probe,2021-01-21,NaN,NaN,noun,sonda/soruşturma
vicissitude,2021-01-21,NaN,kötü anlamda,noun,değişme/değişiklik
execrable,2021-01-21,NaN,NaN,adjective,iğrenç/berbat
cobbler,2021-01-22,NaN,NaN,noun,ayakkabıcı/şaraplı bir kokteyl
cavort,2021-01-22,NaN,NaN,verb,zıplamak/sıçramak
garrulous,2021-01-22,NaN,NaN,adjective,geveze/boşboğaz
enfranchise,2021-01-22,NaN,NaN,verb,oy hakkı vermek
puerlie,2021-01-22,NaN,NaN,adjective,çoçuksu/boş
trite,2021-01-23,NaN,NaN,adjective,basmakalıp/bayat
licentious,2021-01-23,NaN,NaN,adjective,çapkın/hovarda
impetuous,2021-01-23,NaN,NaN,adjective,aceleci/tez canlı
bane,2021-01-23,NaN,NaN,noun,yıkım/felaket
insurgent,2021-01-23,NaN,NaN,"noun, verb",isyancı/asi
turpitude,2021-01-24,NaN,NaN,noun,ahlaksızlık/alçaklık
convivial,2021-01-24,NaN,NaN,adjective,şen
platitude,2021-01-24,NaN,NaN,noun,basmakalıp söz
vituperate,2021-01-24,NaN,NaN,verb,sövmek/azarlamak
plenitude,2021-01-24,NaN,NaN,noun,bolluk
equanimity,2021-01-25,NaN,NaN,noun,sakinlik/ağırbaşlılık
noxious,2021-01-25,NaN,NaN,adjective,zararlı/tehlikeli
subjugate,2021-01-25,NaN,NaN,verb,boyun eğdirmek/yenmek
duplicity,2021-01-25,NaN,NaN,noun,hile/ikiyüzlülük
accretion,2021-01-25,NaN,NaN,noun,büyüme/ilave
echelon,2021-01-26,NaN,NaN,noun,kademe/basamak
panacea,2021-01-26,NaN,NaN,noun,her derde deva ilaç
clamor,2021-01-26,NaN,NaN,noun,yaygara/gürültü
inimical,2021-01-26,NaN,NaN,adjective,düşmanca/zararlı
dearth,2021-01-26,NaN,NaN,noun,kıtlık/eksiklik
pertinacious,2021-01-27,NaN,NaN,adjective,azimli/ısrarcı
ostracism,2021-01-27,NaN,NaN,noun,sürgün/toplumdan uzaklaştırma
pugnacious,2021-01-27,NaN,NaN,adjective,hırçın/kavgacı
pernicious,2021-01-27,NaN,NaN,adjective,zararlı/ölümcül
maxim,2021-01-27,NaN,NaN,noun,özdeyiş/vecize
paucity,2021-01-28,NaN,NaN,noun,azlık/yetersizlik
emollient,2021-01-28,NaN,NaN,adjective,cildi yumuşatan
defunct,2021-01-28,NaN,NaN,adjective,geçersiz/ölü
legerdemain,2021-01-28,NaN,NaN,noun,el çabukluğu/hokkabazlık
surreptitious,2021-01-28,NaN,NaN,adjective,kaçamak/gizli
foil,2021-01-29,NaN,NaN,noun,folyo/meç
quackery,2021-01-29,NaN,NaN,noun,şarlatanlık/sahte doktorluk
wily,2021-01-29,NaN,NaN,adjective,kurnaz/şeytan
divisive,2021-01-29,NaN,NaN,adjective,bölücü/anlaşmazlık çıkaran
lest,2021-01-29,NaN,NaN,conjunction,olmasın diye
construe,2021-01-30,NaN,NaN,verb,çözümlemek/yorumlamak
remiss,2021-01-30,NaN,NaN,adjective,dikkatsiz/ihmalci
duress,2021-01-30,NaN,NaN,noun,baskı/zorlama
phlegmatic,2021-01-30,NaN,NaN,adjective,soğuk/duygusuz
plaudit,2021-01-30,NaN,NaN,noun,alkış
evanescent,2021-01-31,NaN,NaN,adjective,kaybolan/unutulup giden/fani
debauch,2021-01-31,NaN,NaN,"noun, adjective",zevk ve eğlenceye düşkünlük/bozmak/ayartmak
shimmer,2021-01-31,NaN,NaN,noun,parıltı/titrek ışık
panache,2021-01-31,NaN,NaN,noun,caka/gösteriş/sorguç
dirge,2021-01-31,NaN,NaN,noun,ağıt/mersiye
infiltrate,2021-02-01,NaN,NaN,verb,sızmak/gizlice girmek
aggrandize,2021-02-01,NaN,NaN,verb,yüceltmek/artırmak
abnegation,2021-02-01,NaN,NaN,noun,inkar/yadsıma
egregious,2021-02-01,NaN,outstandingly bad; shocking,adjective,çok kötü/ayrılan
eclectic,2021-02-01,NaN,NaN,adjective,seçme/derleme
sanctimonious,2021-02-02,NaN,NaN,adjective,sahte sofu/dindarlık taslayan
recalcitrant,2021-02-02,NaN,NaN,adjective,inatçı/söz dinlemez/aksi
pretense,2021-02-02,NaN,NaN,noun,bahane/yalandan yapma
ubiquitous,2021-02-02,NaN,NaN,adjective,her yerde bulunan
pious,2021-02-02,NaN,NaN,adjective,dindar/göstermelik
multifarious,2021-02-04,NaN,NaN,adjective,çeşitli/çeşit çeşit
promiscuous,2021-02-04,NaN,NaN,adjective,karışık/herkesle yatan/seçici olmayan
quotidian,2021-02-04,NaN,NaN,adjective,gündelik/günlük
mendacious,2021-02-04,NaN,NaN,adjective,yalan/uydurma
yield,2021-02-04,NaN,NaN,"verb, noun",vermek-yol vermek/verim-getiri
cleave,2021-02-04,NaN,NaN,verb,bölmek/yarmak/yapışmak
scrawny,2021-02-04,NaN,unattractively,adjective,cılız/sıska
aggregate,2021-02-04,NaN,NaN,"adjective, verb",toplam/toplamak
protuberant,2021-02-04,NaN,NaN,adjective,çıkıntılı/çıkık
chirp,2021-02-04,NaN,NaN,"verb, noun",cıvıldamak/cıvıltı
bulge,2021-02-05,NaN,NaN,noun,çıkıntı/şişkinlik
perturb,2021-02-05,NaN,NaN,verb,huzursuz etmek/endişelendirmek
flutter,2021-02-05,NaN,NaN,"noun, verb",çırpınma-telaş-pırpır etme/çırpınmak
protruding,2021-02-05,NaN,NaN,adjective,çıkıntılı/fırlak
despicable,2021-02-05,NaN,NaN,adjective,adi/değersiz
skew,2021-02-06,NaN,NaN,adjective,çarpık/eğri
meager,2021-02-06,NaN,NaN,adjective,yetersiz/yavan
ruffian,2021-02-06,NaN,NaN,noun,kavgacı/zorba
wrench,2021-02-06,NaN,NaN,noun,burkma/burkulma/İngiliz anahtarı
census,2021-02-06,NaN,NaN,noun,nüfus sayımı
tact,2021-02-07,NaN,NaN,noun,incelik/ortama göre davranma
pitfall,2021-02-07,NaN,NaN,noun,görünmez tehlike/tuzak
frail,2021-02-07,NaN,NaN,adjective,zayıf/narin
adroit,2021-02-07,at,NaN,adjective,usta/becerikli
poke,2021-02-07,NaN,NaN,verb,kurcalamak/karıştırmak/dürtüklemek
barge,2021-02-08,into,NaN,"noun, verb",mavna/dalmak
filthy,2021-02-08,NaN,NaN,adjective,pis/iğrenç
counterintuitive,2021-02-08,NaN,NaN,adjective,mantıksız/sezgilere aykırı
hail,2021-02-08,NaN,NaN,"noun, verb",dolu/dolu yağmak/selamlamak
cluster,2021-02-08,NaN,NaN,"noun, verb",küme/toplanmak
asinine,2021-02-09,NaN,NaN,adjective,ahmakça
blush,2021-02-09,NaN,NaN,"verb, noun",yüzü kızarmak/utanmak
cheapskate,2021-02-09,NaN,NaN,noun,cimri
rascal,2021-02-09,NaN,typically used in an affectionate way,noun,kerata/hayta
valiant,2021-02-09,NaN,NaN,adjective,cesur/yürekli
heap,2021-02-10,NaN,NaN,noun,yığın/öbek
pest,2021-02-10,NaN,NaN,noun,musibet/rahatsız edici şey
preen,2021-02-10,NaN,of a bird,verb,gaga ile tüylerini düzeltmek/kendine çeki düzen vermek
butler,2021-02-10,NaN,NaN,noun,kahya/uşak
crescent,2021-02-10,NaN,NaN,noun,hilal
disband,2021-02-11,NaN,of an organized group,verb,dağıtmak/dağıtmak/ayrılmak
hone,2021-02-11,NaN,NaN,"verb, noun",bilemek/bileği taşı
friar,2021-02-11,NaN,NaN,noun,keşiş/katolik rahibi
stern,2021-02-11,NaN,NaN,adjective,sert/katı/kıç
pawn,2021-02-11,NaN,NaN,noun,piyon/rehin
tantamount,2021-02-12,NaN,NaN,adjective,eşit/aynı değerde
gag,2021-02-12,NaN,NaN,"noun, verb",ağız tıkacı/susturmak-ağzını tıkamak
ventriloquist,2021-02-12,NaN,NaN,noun,vantrilok/karnından konuşan kimse
concatenate,2021-02-12,NaN,NaN,verb,bağlamak/sıralamak
scurvy,2021-02-12,NaN,NaN,"adjective, noun",aşağılık/iskorbüt hastalığı
lateen,2021-02-13,NaN,NaN,noun,üçgen yelken
mast,2021-02-13,NaN,NaN,noun,direk/gemi direği
vitreous,2021-02-13,NaN,NaN,adjective,camsı/cam gibi
staysail,2021-02-13,NaN,NaN,noun,yelken
afflict,2021-02-13,NaN,NaN,verb,acı vermek/eziyet etmek
squid,2021-02-14,NaN,NaN,noun,kalamar/mürekkep balığı
drool,2021-02-14,NaN,NaN,verb,ağzı sulanmak
sheen,2021-02-14,NaN,NaN,noun,parlaklık/pırıltı
retribution,2021-02-14,NaN,NaN,noun,intikam/ceza
ruckus,2021-02-14,NaN,NaN,noun,"kargaşa,gürültü"
pulverize,2021-02-15,NaN,NaN,verb,ezmek/toz haline getirmek
smithereens,2021-02-15,NaN,NaN,noun,parçacıklar/küçük parçalar
creek,2021-02-15,NaN,NaN,noun,dere/çay
inlet,2021-02-15,NaN,NaN,noun,giriş/koy/körfez
caravel,2021-02-15,NaN,Spanish or Portuguese sailing ship of the 15th–17th centuries,noun,karavela/küçük ve hızlı gemi
conviction,2021-02-16,NaN,NaN,noun,inanç/kanaat/sıçlu bulma
ferocity,2021-02-16,NaN,NaN,noun,gaddarlık/vahşilik
verdict,2021-02-16,NaN,NaN,noun,karar/hüküm
munition,2021-02-16,NaN,NaN,noun,savaş malzemeleri/levazım
sergeant,2021-02-16,NaN,NaN,noun,çavuş/astsubay
swell,2021-02-17,NaN,NaN,"noun, verb",kabarma/şişmek
vicarious,2021-02-17,NaN,NaN,adjective,başkası için yapılan/vekaleten yapılan
pillage,2021-02-17,NaN,NaN,"noun, verb",yağma/talan/yağmalamak
maw,2021-02-17,NaN,NaN,noun,kursak/gırtlak
teem,2021-02-17,NaN,NaN,verb,kaynamak/dolu olmak/dökülmek
fractious,2021-02-18,NaN,NaN,adjective,huysuz/aksi
diligent,2021-02-18,NaN,NaN,adjective,çalışkan/gayretli
incisive,2021-02-18,NaN,NaN,adjective,keskin/zekice/dokunaklı
inextricably,2021-02-18,NaN,NaN,adverb,ayrılmaz bir şekilde/bağlantılı
feral,2021-02-18,NaN,NaN,adjective,vahşi/yabani
bevel,2021-02-19,NaN,NaN,"noun, adjective",eğim/şevli
stifle,2021-02-19,NaN,NaN,verb,bastırmak/boğmak/tutmak
emboss,2021-02-19,NaN,NaN,verb,kabartma yapmak/çekiçle dövmek
transcendental,2021-02-19,NaN,NaN,adjective,aşkın/deneyüstü/metafizik
sanction,2021-02-19,NaN,NaN,noun,yaptırım/onay/izin
abut,2021-02-20,NaN,NaN,verb,dayanmak/bitişik olmak
allegory,2021-02-20,NaN,NaN,noun,"bir anlam saklı kısa hikaye,şiir,resim"
mull,2021-02-20,NaN,NaN,verb,şarabı baharatla kaynatmak/kafa patlatmak
futile,2021-02-20,NaN,NaN,adjective,beyhude/nafile
adamant,2021-02-20,NaN,NaN,adjective,sert/inatçı/dik başlı
garret,2021-02-21,NaN,NaN,noun,çatı katı/tavan arası
impound,2021-02-21,NaN,NaN,verb,haczetmek/el koymak
assort,2021-02-21,NaN,NaN,verb,ayırmak/sınıflandırmak
grandiose,2021-02-21,NaN,NaN,adjective,görkemli/muazzam
expostulate,2021-02-21,NaN,NaN,verb,itiraz etmek/sertçe karşı çıkmak
irrevocable,2021-02-22,NaN,NaN,adjective,geri alınamaz/değiştirilemez
prudence,2021-02-22,NaN,NaN,noun,ihtiyat/sağduyu
declaim,2021-02-22,NaN,NaN,verb,nutuk çekmek/yüksek sesle okumak
malice,2021-02-22,NaN,NaN,noun,kötülük/kötü niyet
abscess,2021-02-22,NaN,NaN,noun,apse/çıban
elucidate,2021-02-23,NaN,NaN,verb,aydınlatmak/açıklamak
perpetuity,2021-02-23,of,NaN,noun,daimilik/süreklilik
pell-mell,2021-02-23,NaN,NaN,adjective,allak bullak/karman çorman
puny,2021-02-23,NaN,NaN,adjective,zayıf/cılız
semblance,2021-02-23,NaN,especially when the reality is different.,noun,görünüş/suret/illüzyon
casuistry,2021-02-24,NaN,NaN,noun,vicdan muhasebesi/safsata
contort,2021-02-24,NaN,NaN,verb,çarpıtmak/bükmek
ignominy,2021-02-24,NaN,NaN,noun,rezillik/kepazelik
aloof,2021-02-24,NaN,NaN,adjective,soğuk/ilgisiz
clamber,2021-02-24,NaN,NaN,verb,garipçe tırmanmak/sarılarak tırmanmak
fortitude,2021-02-25,NaN,NaN,noun,dayanıklılık/metanet
evasive,2021-02-25,NaN,NaN,adjective,kaçamak/baştan savma
prevaricate,2021-02-25,NaN,NaN,verb,kaçamak cevap vermek/yalan söylemek
bedlam,2021-02-25,NaN,NaN,noun,tımarhane/karışıklık
overwrought,2021-02-25,NaN,NaN,adjective,sinirleri bozuk/aşırı süslü/aşırı heyecanlı
concubine,2021-02-26,NaN,NaN,noun,cariye/metres
inflate,2021-02-26,NaN,NaN,verb,şişirmek/hava basmak
take on,2021-02-26,NaN,NaN,verb,kapışmak/iddiaya tutuşmak
nuisance,2021-02-26,NaN,NaN,noun,sıkıntı/baş belası/dert
copse,2021-02-26,NaN,NaN,noun,koru/ağaçlık
grim,2021-02-27,NaN,NaN,adjective,korkunç/gaddar/acımasız
tenacity,2021-02-27,NaN,NaN,noun,azim/sıkı sıkı sarılma
sentry,2021-02-27,NaN,NaN,noun,nöbetçi/nöbet
relish,2021-02-27,NaN,NaN,"noun, verb",zevk/çeşni/tadını çıkarmak
dogged,2021-02-27,NaN,NaN,adjective,inatçı/azimli
lax,2021-02-28,NaN,NaN,adjective,gevşek/umursamaz
pulpit,2021-02-28,NaN,NaN,noun,minber/kürsü
earnest,2021-02-28,NaN,NaN,adjective,ciddi/samimi/içten
forte,2021-02-28,NaN,NaN,noun,kişinin en güçlü yönü/en iyi yaptığı şey
extravagance,2021-02-28,NaN,NaN,noun,savurganlık/israf/taşkınlık
klutz,2021-03-02,NaN,NaN,noun,hantal tip
glitzy,2021-03-02,NaN,NaN,adjective,gösterişli/göze çarpan
demeanor,2021-03-02,NaN,NaN,noun,tavır/davranış
vacillate,2021-03-02,between,NaN,verb,bocalamak/tereddüd etmek
somber,2021-03-02,NaN,NaN,adjective,kasvetli/karanlık/loş
surmise,2021-03-02,NaN,NaN,"noun, verb",tahmin/kuşkulanmak-sanmak
trivet,2021-03-02,NaN,NaN,noun,saç ayağı/ayaklı destek
recumbent,2021-03-02,NaN,NaN,adjective,yaslanmış/uzanan
apoplexy,2021-03-02,NaN,NaN,noun,felç/inme
indiscretion,2021-03-02,NaN,NaN,noun,patavatsızlık/düşüncesizlik
arduous,2021-03-03,NaN,NaN,adjective,çetin/zor/ağır
debonair,2021-03-03,NaN,typically used of a man,adjective,güleryüzlü/hoş
misanthrope,2021-03-03,NaN,NaN,noun,insanları sevmeyen kimse
neologism,2021-03-03,NaN,NaN,noun,yenilikçilik/yeni kelime
anguish,2021-03-03,NaN,NaN,noun,acı/ızdırap
effeminate,2021-03-04,NaN,NaN,adjective,kadınsı/feminen/yumuşak
consternation,2021-03-04,NaN,NaN,noun,şaşkılık/afallama/donup kalma
dismay,2021-03-04,NaN,typically that caused by something unexpected,"noun, verb",dehşet/bunalım/dehşete düşürmek
instantiate,2021-03-04,NaN,NaN,verb,örneklendirmek
squint,2021-03-04,NaN,NaN,"adjective, verb",gözlerini kısarak bakmak/şaşı
apprise,2021-03-05,NaN,NaN,verb,bilgi vemek/söylemek
reprentance,2021-03-05,NaN,NaN,noun,tövbe/pişmanlık
effrontery,2021-03-05,NaN,NaN,noun,küstahlık/yüzsüzlük
insuperable,2021-03-05,NaN,NaN,adjective,aşılmaz/geçilmez
credulity,2021-03-05,NaN,NaN,noun,saflık/her şeye inanma
lavish,2021-03-07,NaN,NaN,adjective,savurgan/bol/müsrif
interpose,2021-03-07,NaN,NaN,verb,araya girmek/araya koymak
quail,2021-03-07,at,NaN,"noun, verb",bıldırcın/korkmak/umudunu yitirmek
redouble,2021-03-07,NaN,NaN,verb,iki katına çıkarmak
capacious,2021-03-07,NaN,NaN,adjective,geniş/ferah
scornful,2021-03-07,NaN,NaN,adjective,aşağılayıcı/küçümseyen
reciprocal,2021-03-07,NaN,NaN,adjective,karşılıklı/çift taraflı
altruism,2021-03-07,NaN,NaN,noun,fedakarlık/özgecilik
wretch,2021-03-07,NaN,NaN,noun,sefil/zavallı adam
orchard,2021-03-07,NaN,NaN,noun,meyve bahçesi
gab,2021-03-08,NaN,NaN,verb,çok konuşmak/boş konuşmak
venue,2021-03-08,NaN,NaN,noun,olayın gerçekleştiği yer/etkinlik yeri
famished,2021-03-08,NaN,NaN,adjective,açlıktan ölen/çok aç
nifty,2021-03-08,NaN,NaN,adjective,güzel/fiyakalı/şık
holler,2021-03-08,NaN,NaN,verb,bağırmak/seslenmek
chipper,2021-03-09,NaN,NaN,adjective,neşeli/canlı
adulation,2021-03-09,NaN,NaN,noun,dalkavukluk/yaltaklanma
hunk,2021-03-09,NaN,NaN,noun,iri parça/iri çekici erkek
prodigy,2021-03-09,NaN,especially a young one,noun,dahi/olağanüstü
stigma,2021-03-09,NaN,NaN,noun,damga/leke/utanç verici şey
quiche,2021-03-10,NaN,NaN,noun,kiş/pastırmalı Fransız turtası
propel,2021-03-10,NaN,NaN,verb,itmek/sevketmek
repercussion,2021-03-10,NaN,NaN,noun,yankı/geri tepme/yan etki
nag,2021-03-10,NaN,NaN,verb,dırdır etmek/başının etini yemek
bog,2021-03-10,NaN,NaN,"noun, verb",bataklık/bataklığa gömülmek
terse,2021-03-11,NaN,NaN,adjective,ksıa ve öz/veciz
fumble,2021-03-11,with,NaN,"verb, noun",beceriksizce yapmak/becerememe
beseech,2021-03-11,NaN,NaN,verb,yalvarmak/dilemek
bourgeois,2021-03-11,NaN,NaN,"adjective, noun",burjuva/kent soylu
pratfall,2021-03-11,NaN,NaN,"noun, verb",büyük salaklık/kıçının üzerine düşmek
satire,2021-03-12,NaN,NaN,noun,hiciv/yergi/taşlama
ado,2021-03-12,NaN,NaN,noun,telaş/gürültü
truncate,2021-03-12,NaN,NaN,verb,kesmek/budamak
tidbit,2021-03-12,NaN,NaN,noun,nefis lokma/en güzel parça
farce,2021-03-12,NaN,NaN,noun,fars/kaba güldürü/maskaralık
frivolous,2021-03-13,NaN,NaN,adjective,manasız/uçarı
hilt,2021-03-13,NaN,NaN,noun,kabza/sap
coquette,2021-03-13,NaN,NaN,noun,fettan kadın/şuh/yosma
trifle,2021-03-13,NaN,NaN,"verb, noun",önemsememek/değersiz şey
pinafore,2021-03-13,NaN,NaN,noun,önlük/bluz üzerine giyilen askısız elbise
comb,2021-03-14,NaN,NaN,"noun, verb",tarak/taramak
petrify,2021-03-14,NaN,NaN,verb,taşlaştırmak/ödünü koparmak
alight,2021-03-14,NaN,NaN,"verb, adjective",inmek/yanan/tutuşmuş
lofty,2021-03-14,NaN,NaN,adjective,yüksek/yüce/ulvi
coarse,2021-03-14,NaN,NaN,adjective,kaba/yontulmamış
torsion,2021-03-15,NaN,NaN,noun,burulma/bükülme/dönme
shabby,2021-03-15,NaN,NaN,adjective,eski püskü/pejmürde
flamboyant,2021-03-15,NaN,NaN,adjective,gösterişli/göz alıcı/ateşli
reservoir,2021-03-15,NaN,NaN,noun,rezervuar/hazne/depo
permeate,2021-03-15,NaN,NaN,verb,geçmek/sızmak/yayılmak
vestige,2021-03-16,NaN,NaN,noun,iz/eser
soiree,2021-03-16,NaN,NaN,noun,suare/gece matinesi
flail,2021-03-16,NaN,NaN,"noun, verb",harman döveni/pataklamak
epistle,2021-03-16,NaN,NaN,noun,mektup/name
edification,2021-03-16,NaN,NaN,noun,yetiştirme/terbiye etme
crumpled,2021-03-17,NaN,NaN,verb,buruşturmak/kırıştırmak
convalescence,2021-03-17,NaN,NaN,noun,iyileşme/iyileşme dönemi
affable,2021-03-17,NaN,NaN,adjective,nazik/hoş/arkadaş canlısı
fringe,2021-03-17,NaN,NaN,noun,saçak/püskül
assent,2021-03-17,NaN,NaN,"noun, verb",onay/kabul/kabul etmek
confabulation,2021-03-18,NaN,NaN,noun,geçmişteki bir boşluğun doldurulması/hoşbeş/sohbet
culpable,2021-03-18,NaN,NaN,adjective,kusurlu/suçlanmayı hak eden
hussar,2021-03-18,NaN,NaN,noun,hafif süvari eri
banter,2021-03-18,NaN,NaN,noun,şaka/takılma/alay
testament,2021-03-18,NaN,NaN,noun,inançların açıklanması/vasiyetname
dopant,2021-03-19,NaN,NaN,noun,katkı maddesi
abdicate,2021-03-19,NaN,NaN,verb,tahttan çekilmek/feragat etmek
vex,2021-03-19,NaN,NaN,verb,kızdırmak/küstürmek/üzmek
layabout,2021-03-19,NaN,NaN,noun,serseri/boş gezenin boş kalfası/aylak
nimble,2021-03-19,NaN,NaN,adjective,çevik/atik
haggle,2021-03-20,NaN,NaN,verb,pazarlık etmek
conclave,2021-03-20,NaN,NaN,noun,özel toplantı
ale,2021-03-20,NaN,NaN,noun,bira/birinci kalite bira
droll,2021-03-20,NaN,NaN,adjective,tuhaf/gülünç
pitcher,2021-03-20,NaN,NaN,noun,sürahi/atıcı/ibrik şeklide yaprak
epaulet,2021-03-21,NaN,NaN,noun,apolet/omuzluk
fallow,2021-03-21,NaN,NaN,noun,nadas/nadasa bırakılan arazi
eschew,2021-03-21,NaN,NaN,verb,kaçınmak/sakınmak
ruddy,2021-03-21,NaN,NaN,adjective,kanlı canlı/al/sağlıklı
poignancy,2021-03-21,NaN,NaN,noun,dokunaklılık/acılık
berth,2021-03-22,NaN,NaN,noun,yatak/kuşet/palamar yeri
recourse,2021-03-22,NaN,NaN,noun,yardım kaynağı/merci
epigram,2021-03-22,NaN,NaN,noun,vecize/nükte/nükteli söz
unwonted,2021-03-22,NaN,NaN,adjective,alışılmamış/sıra dışı
coterie,2021-03-22,NaN,NaN,noun,zümre/topluluk
seditious,2021-03-23,NaN,NaN,adjective,kışkırtıcı/ayaklandıran/tahrikçi
rancorous,2021-03-23,NaN,NaN,adjective,kindar/garazlı/kinci
infringe,2021-03-23,NaN,NaN,verb,ihlal etmek/çiğnemek
rigorous,2021-03-23,NaN,NaN,adjective,titiz/sıkı/kesin
procure,2021-03-23,NaN,NaN,verb,temin etmek/sağlamak/neden olmak
incite,2021-03-24,NaN,violent or unlawful behaviour,verb,tetiklemek/kışkırtmak
importune,2021-03-24,NaN,NaN,verb,ısrarla istemek/sıkboğaz etmek
woe,2021-03-24,NaN,NaN,noun,keder/gam/dert
fiddle,2021-03-24,NaN,NaN,verb,keman/keman çalmak
paragon,2021-03-24,NaN,NaN,noun,erdem örneği/kusursuzluk örneği
opulent,2021-03-25,NaN,NaN,adjective,zengin/bol/savurgan
benison,2021-03-25,NaN,NaN,noun,kutsama/bereket
folly,2021-03-25,NaN,NaN,noun,çılgınlık/aptallık
almond,2021-03-26,NaN,NaN,noun,badem
flux,2021-03-26,NaN,NaN,noun,akı/akış
skunk,2021-03-26,NaN,NaN,noun,kokarca/aşağılık herif
cadet,2021-03-27,NaN,NaN,noun,askeri öğrenci/polis akademisi öğrencisi
adage,2021-03-27,NaN,NaN,noun,atasözü/özdeyiş
gourd,2021-03-27,NaN,NaN,noun,sukabağı
bombast,2021-03-28,NaN,with little meaning,noun,süslü sözler/gösterişli dil
homage,2021-03-28,NaN,NaN,noun,saygı/hürmet/bağlılık
epithet,2021-03-28,NaN,NaN,noun,sıfat/lakap
upstart,2021-03-29,NaN,NaN,"verb, adjective",birdenbire ortaya çıkmak/sonradan görme
whet,2021-03-29,NaN,NaN,"verb, noun",bilemek/iştah açıcı
interim,2021-03-29,NaN,NaN,"noun, adjective",ara/geçici
servile,2021-03-30,NaN,NaN,adjective,köle gibi/yaltakçı
quagmire,2021-03-30,NaN,NaN,noun,bataklık/çıkmaz
rotundity,2021-03-30,NaN,NaN,noun,yuvarlaklık/tokluk
conflagration,2021-03-31,NaN,NaN,noun,yangın felaketi/büyük yangın
shibboleth,2021-03-31,NaN,NaN,noun,anlamını yitirmiş adet/artık kullanılmayan deyim
inveigh,2021-03-31,NaN,speak or write,verb,çıkışmak/azarlamak/paylamak
maunder,2021-04-01,NaN,NaN,verb,tutarsız ve anlaşılmaz konuşmak
disheveled,2021-04-01,NaN,"of a person's hair, clothes, or appearance",adjective,darmadağınık/karmakarışık
buttress,2021-04-01,NaN,NaN,noun,destek/payanda/ayak
smattering,2021-04-02,NaN,NaN,noun,yüzeysel bilgi/az buçuk bilgi
dirigible,2021-04-02,NaN,NaN,"noun, adjective",zeplin/kontrol edilebilen
pneumonia,2021-04-02,NaN,NaN,noun,zatürre/akciğer iltihaplanması
concoction,2021-04-03,NaN,NaN,noun,karışım
rig,2021-04-03,NaN,NaN,"noun, verb",teçhizat/hile ile yönetmek/çıkarlarına göre değişiklik yapmak
rut,2021-04-03,NaN,NaN,"noun, verb",tekerlek izi/tekdüzelik/kızışmak
dismally,2021-04-04,NaN,NaN,adverb,kasvetle/sıkıntıyla/rezilce
fastidious,2021-04-04,NaN,NaN,adjective,titiz/detaycı
sluice,2021-04-04,NaN,NaN,"noun, verb",savak/akmak/yıkamak
fillet,2021-04-05,NaN,NaN,noun,fileto/dolgu/şerit
chamfer,2021-04-05,NaN,NaN,noun,yiv/oluk/kanal
simper,2021-04-05,NaN,NaN,"verb, noun",aptalca gülümsemek/yapmacık gülümseme
gnarled,2021-04-06,NaN,NaN,adjective,budaklı/boğumlu
sear,2021-04-06,NaN,NaN,verb,kurutmak/yakmak/kavurmak
sliver,2021-04-06,NaN,NaN,noun,kıymık/uzun ince parça
cumbersome,2021-04-07,NaN,NaN,adjective,hantal/ağır/külfetli
officious,2021-04-07,NaN,NaN,adjective,işgüzar/gayriresmi
trammel,2021-04-07,NaN,NaN,noun,engel/ayakbağı
spiel,2021-04-08,NaN,regarded with skepticism or contempt by those who hear it,noun,satıcı ağız/laf kalabalığı/uzun konuşma
chaplain,2021-04-08,NaN,NaN,noun,papaz/vaiz
stocky,2021-04-08,NaN,NaN,adjective,tıknaz/bodur
resort,2021-04-10,NaN,NaN,"noun, verb",çare/başvurma/dinlenme yeri/başvurmak
parapet,2021-04-10,NaN,NaN,noun,siper/balkon duvarı
restive,2021-04-10,NaN,NaN,adjective,huzursuz/sabırsız
salvo,2021-04-11,NaN,NaN,noun,yayılım ateşi/salvo/bombardıman
digression,2021-04-11,NaN,NaN,noun,konu dışı söz/konudan ayrılma
lemma,2021-04-11,NaN,NaN,noun,başta kabul edilen teorem/başlık
estrange,2021-04-12,NaN,NaN,verb,soğutmak/uzaklaştırmak
moor,2021-04-12,NaN,NaN,verb,demirlemek/demir atmak
corollary,2021-04-12,NaN,NaN,noun,sonuç/doğal sonuç
scowl,2021-04-13,NaN,NaN,"noun, verb",sert bakış/kaş çatmak
beady,2021-04-13,NaN,NaN,adjective,boncuk gibi/boncuklu
scuttle,2021-04-13,NaN,NaN,"verb, noun",tüymek/kaçmak/kaçışma/sıvışma
mezzanine,2021-04-14,NaN,NaN,noun,asma kat/ara kat
bland,2021-04-14,NaN,NaN,adjective,mülayim/sıkıcı
arid,2021-04-14,NaN,NaN,adjective,kurak/yavan/sıkıcı
innuendo,2021-04-15,NaN,NaN,noun,kinaye/dokundurma/üstü kapalı söz
carrion,2021-04-15,NaN,NaN,noun,leş/kokmuş et
usury,2021-04-15,NaN,NaN,noun,tefecilik/faizcilik
cram,2021-04-16,NaN,NaN,verb,tıkmak/ineklemek/tıka basa yedirmek
vagrant,2021-04-16,NaN,NaN,"adjective, noun",avare/derbeder/aylak
bystander,2021-04-16,NaN,NaN,noun,seyirci
preordain,2021-04-17,NaN,NaN,verb,önceden kararlaştırmak/önceden karar vermek
tenet,2021-04-17,NaN,NaN,noun,ilke/öğreti/doktrin
scathing,2021-04-17,NaN,NaN,adjective,acı/kırıcı
shackle,2021-04-19,NaN,NaN,"noun, verb",kelepçe/köstek/zincirlemek
perpetrator,2021-04-19,NaN,NaN,noun,fail
confide,2021-04-19,NaN,NaN,verb,güvenmek/sır vermek
raspy,2021-04-20,NaN,NaN,adjective,ahlaksız
cower,2021-04-20,NaN,in fear,verb,çömelmek/çökmek
swaddle,2021-04-20,NaN,NaN,verb,kundağa sarmak
spate,2021-04-21,NaN,NaN,noun,akın/kalabalık
headlong,2021-04-21,NaN,NaN,"adverb, adjective",burnun dikine/aceleci
mettle,2021-04-21,NaN,NaN,noun,azim/cesaret/hırs
brunt,2021-04-22,NaN,NaN,noun,darbe/çarpma
liturgy,2021-04-22,NaN,NaN,noun,cemaat ile okunan dua/komünyon
repent,2021-04-22,NaN,NaN,verb,tövbe etmek/pişmanlık duymak
chaste,2021-04-23,NaN,NaN,adjective,iffetli/erdemli
prate,2021-04-23,NaN,NaN,verb,gevezelik etmek/boş konuşmak
oracle,2021-04-23,NaN,NaN,noun,kehanet/vahiy
penance,2021-04-25,NaN,voluntary self-punishment,noun,kefaret/kendi günahını cezalandırma
slink,2021-04-25,NaN,NaN,verb,sinsice sokulmak/gizlice yürümek
blare,2021-04-25,NaN,NaN,"noun, verb",boru sesi/yüksek ses/yüksek ses çıkarmak
fathom,2021-04-27,NaN,NaN,"noun, verb",kulaç/anlamak
poniard,2021-04-27,NaN,NaN,verb,hançer/hançerlemek
prattle,2021-04-27,NaN,NaN,"noun, verb",gevezelik/çene çalmak
dotage,2021-04-28,NaN,NaN,noun,düşkünlük/bunaklık
burly,2021-04-28,NaN,NaN,adjective,iri yarı/güçlü kuvvetli
ordeal,2021-04-28,NaN,NaN,noun,çile/işkence ile sorgulama
billow,2021-04-29,NaN,NaN,"noun, verb",dev dalga/rüzgarla şişmek
fervently,2021-04-29,NaN,NaN,adverb,hararetle/istekle
muzzle,2021-04-29,NaN,NaN,noun,ağız/ağızlık
goad,2021-05-01,NaN,NaN,verb,kışkırtmak/rahatsız etmek
precipitation,2021-05-01,NaN,NaN,noun,yağış/çökelme
benevolent,2021-05-01,NaN,NaN,adjective,hayırsever/müşfik
cathartic,2021-05-02,NaN,NaN,adjective,katarsise neden olan/zihnen rahatlatan
buoy,2021-05-02,NaN,NaN,"noun, verb",şamandıra/şamandıra ile işaretlemek/yüzdürmek
lurch,2021-05-02,NaN,NaN,verb,sallanmak/sendelemek
quell,2021-05-03,NaN,NaN,verb,teskin etmek/yatıştırmak
ruefully,2021-05-03,NaN,NaN,adverb,üzülerek
scallop,2021-05-03,NaN,NaN,noun,deniz kabuğu/tarak kabuğu
fete,2021-05-04,NaN,NaN,"noun, verb",eğlence/ağırlamak/ziyafet vermek
throng,2021-05-04,NaN,NaN,"noun, verb",kalabalık/toplanmak/doldurmak
bodice,2021-05-04,NaN,NaN,noun,korse/elbisenin üst kısmı
affidavit,2021-05-05,NaN,NaN,noun,beyanname/yeminli belge
commence,2021-05-05,NaN,NaN,verb,başlamak/başlatmak
adjourn,2021-05-05,NaN,"a meeting, legal case, or game",verb,ertelemek/sonraya bırakmak
divulge,2021-05-06,NaN,NaN,verb,ifşa etmek/yaymak
boorish,2021-05-06,NaN,NaN,adjective,kaba/hoyrat
sashay,2021-05-06,NaN,NaN,"verb, noun",süzülmek/dairesel bir dans figürü
oar,2021-05-07,NaN,NaN,"noun, verb",kürek/kürek çekmek
den,2021-05-07,NaN,NaN,noun,in/sığınak
cape,2021-05-07,NaN,geographical,noun,kolsuz pelerin/burun
staid,2021-05-08,NaN,NaN,adjective,vakur/ağırbaşlı
introspection,2021-05-08,NaN,NaN,noun,iç gözlem/içbakış
stupor,2021-05-08,NaN,NaN,noun,sersemlik/uyuşukluk
effigy,2021-05-09,NaN,NaN,noun,heykel/büst
swanky,2021-05-09,NaN,NaN,adjective,havalı/şık/gösterişli
rescind,2021-05-09,NaN,NaN,verb,yürürlükten kaldırmak/feshetmek
truss,2021-05-10,NaN,NaN,noun,bağ/destek/takviye iskeleti
pendulum,2021-05-10,NaN,NaN,noun,sarkaç/pandül/rakkas
grouse,2021-05-10,NaN,NaN,"noun, verb",orman tavuğu/keklik/söylenmek
forestall,2021-05-11,NaN,NaN,verb,önlemek/önce davranmak
knave,2021-05-11,NaN,NaN,noun,dolandırıcı/üçkağıtçı
rebuke,2021-05-11,NaN,NaN,verb,azarlamak/sitem etmek
mire,2021-05-12,NaN,NaN,"noun, verb",pislik/çamur/çamura batmak
liege,2021-05-12,NaN,NaN,noun,derebeyine bağlı kimse/metbu
crux,2021-05-12,NaN,NaN,noun,püf nokta/mesele
beset,2021-05-13,NaN,NaN,verb,rahat vermemek/sarmak/kuşatmak
recreant,2021-05-13,NaN,NaN,"adjective, noun",hain/ödlek
wayward,2021-05-13,NaN,NaN,adjective,tutarsız/asi
heraldic,2021-05-14,NaN,NaN,adjective,hanedan/hanedanla ilgili
emblazon,2021-05-14,NaN,NaN,verb,süslemek/tezyin etmek/yüceltmek
conceited,2021-05-14,NaN,NaN,adjective,kibirli/kendini beğenmiş
belate,2021-05-15,NaN,NaN,verb,geç kalmak/gecikmek
kook,2021-05-15,NaN,NaN,noun,çılgın/ilginç tip
cyclone,2021-05-15,NaN,NaN,noun,siklon/kasırga/hortum
churn,2021-05-16,NaN,NaN,"noun, verb",yakın arkadaş/arkadaş olmak
scuff,2021-05-16,NaN,NaN,verb,ayağını sürümek/sürtmek
cackle,2021-05-16,NaN,NaN,"verb, noun",kıkırdamak/kıkırtı
allot,2021-05-17,NaN,NaN,verb,bölüştürmek/paylaştırmak
skirmish,2021-05-17,NaN,NaN,"noun, verb",çatışma/çatışmak
fetid,2021-05-17,NaN,NaN,adjective,pis kokulu/kokuşmuş
spew,2021-05-20,NaN,NaN,verb,kusmak/istifrağ etmek
turmoil,2021-05-20,NaN,NaN,noun,hengame/telaş
oasis,2021-05-20,NaN,NaN,noun,vaha
spall,2021-05-21,NaN,(of soil or land),"verb, noun",parçalanmak/parçacık
warble,2021-05-21,NaN,NaN,"noun, verb",şakıma/ötmek
fertile,2021-05-21,NaN,NaN,adjective,verimli/bereketli
bridle,2021-05-22,NaN,NaN,"noun, verb",dizgin/dizginlemek
retinue,2021-05-22,NaN,accompanying an important person,noun,maiyet/eşlik edenler
trundle,2021-05-22,NaN,NaN,verb,yuvarlanmak/yuvarlamak
descry,2021-05-23,NaN,NaN,verb,farketmek/çıkarmak/seçmek
rapture,2021-05-23,NaN,NaN,noun,mest olma/kendinden geçme
fraught,2021-05-23,NaN,NaN,adjective,endişe verici/yüklü
intricate,2021-05-25,NaN,NaN,adjective,karışık/dallı budaklı
falter,2021-05-25,NaN,NaN,verb,sendelemek/duraksamak
scrimmage,2021-05-25,NaN,NaN,noun,hücum/itişip kakışma
ramification,2021-05-26,NaN,NaN,noun,dallanıp budaklanma/kötü-karışık sonuç
mollify,2021-05-26,NaN,NaN,verb,yatıştırmak/sakinleştirmek
delve,2021-05-26,NaN,NaN,verb,altüst ederek aramak/arayıp taramak
lout,2021-05-27,NaN,NaN,noun,kaba adam/agresif tip
quip,2021-05-27,NaN,NaN,"noun, verb",espri/hazırcevap/espri yapmak
sojourn,2021-05-27,NaN,NaN,"verb, noun",geçici olarak kalmak/bir süre için kalma
hull,2021-05-29,NaN,NaN,noun,gemi gövdesi/kabuk
vexation,2021-05-29,NaN,NaN,noun,sıkıntı/sinirlenme/endişelenme
petal,2021-05-29,NaN,NaN,noun,taçyaprağı
cusp,2021-05-30,NaN,NaN,noun,uç/doruk
veneer,2021-05-30,NaN,NaN,noun,kaplama tahtası/ahşap kaplama
douse,2021-05-30,NaN,NaN,verb,söndürmek/üzerine su dökmek
kinsman,2021-06-01,NaN,NaN,noun,erkek akraba
muslin,2021-06-01,NaN,NaN,noun,tülbent/müslin
discord,2021-06-01,NaN,NaN,noun,anlaşmazlık/ahenksizlik
scant,2021-06-02,NaN,NaN,adjective,yetersiz/kıt
grovel,2021-06-02,NaN,NaN,verb,sürünmek/yaltaklanmak
prissy,2021-06-02,NaN,NaN,adjective,fazla titiz/iffetli geçinen
scrounge,2021-06-03,NaN,NaN,verb,otlakçılık etmek/aşırmak
waft,2021-06-03,NaN,NaN,verb,taşımak (hava/su)/sürüklemek
carabiner,2021-06-03,NaN,(dağcılıkta kullanılan bir çeşit kanca),noun,karabina/yaylı tutturma bileziği
annulus,2021-06-05,NaN,NaN,noun,halka
inveterate,2021-06-05,NaN,NaN,adjective,kronik/kökleşmiş
stentorian,2021-06-05,NaN,(of a person's voice),adjective,gür/güçlü
newfangled,2021-06-06,NaN,NaN,adjective,yeni çıkmış/yeni model
overt,2021-06-06,NaN,NaN,adjective,açık/aşikâr
feign,2021-06-06,NaN,"(a feeling, state, or injury)",verb,yalandan yapmak/numara yapmak
misnomer,2021-06-12,NaN,NaN,noun,yanlış isim kullanma/yanlış ad
tarnish,2021-06-12,NaN,NaN,verb,kararmak/kirletmek
hindrance,2021-06-12,NaN,NaN,noun,engel/mani
palatable,2021-06-13,NaN,NaN,adjective,lezzetli
ineffable,2021-06-13,NaN,NaN,adjective,tarifsiz/kelimelerle ifade edilemez
inkling,2021-06-13,NaN,NaN,noun,sezme/ipucu/kuşkulanma
anon,2021-06-14,NaN,archaic & informal,adverb,hemen/derhal
monsoon,2021-06-14,NaN,NaN,noun,muson/mevsim rüzgarı
bauble,2021-06-14,NaN,NaN,noun,değersiz mücevher/saray soytarısının sopası
fleck,2021-06-15,NaN,NaN,noun,nokta/benek
wizened,2021-06-15,NaN,NaN,adjective,pörsümüş/kurumuş
prim,2021-06-15,NaN,NaN,adjective,kuralcı/aşırı resmi
suffuse,2021-06-21,NaN,NaN,verb,bürümek/üzerine yayılmak
uppity,2021-06-21,NaN,NaN,adjective,kibirli/kendini beğenmiş
sprig,2021-06-21,NaN,NaN,noun,filiz/fışkın
snide,2021-06-22,NaN,NaN,adjective,küçümseyen/sahte
cabal,2021-06-22,NaN,NaN,noun,hizip/komplo
verbatim,2021-06-22,NaN,NaN,adverb,kelimesi kelimesine/harfi harfine
slog,2021-06-23,NaN,NaN,verb,çok çalışmak/sert vurmak
shear,2021-06-23,NaN,NaN,verb,makasla kesmek/yoksun bırakmak
dimwitted,2021-06-23,NaN,informal,adjective,ahmak/salak
tendril,2021-06-24,NaN,NaN,noun,sarılmaya yarayan filiz
tarmac,2021-06-24,NaN,NaN,noun,asfalt/pist
peal,2021-06-24,NaN,NaN,noun,çan sesleri/gürleme
cranny,2021-06-26,NaN,NaN,noun,sığınak/kuytu/yarık
dank,2021-06-26,NaN,NaN,adjective,ıslak/küflü/rutubetli
germinate,2021-06-26,NaN,NaN,verb,filizlenmek/çimlenmek
stammer,2021-06-27,NaN,NaN,"verb, noun",kekelemek/kekeleme
gazebo,2021-06-27,NaN,NaN,noun,manzaralı balkon/taraça
trove,2021-06-27,NaN,NaN,noun,hazine/define
allure,2021-06-28,NaN,NaN,noun,cazibe/albeni
lush,2021-06-28,NaN,(of vegetation),adjective,bereketli/ayyaş
deluge,2021-06-28,NaN,NaN,noun,tufan/sel
matron,2021-07-01,NaN,NaN,noun,orta yaşlı evli kadın
decadent,2021-07-01,NaN,NaN,adjective,çökmekte olan/gerileyen
dote,2021-07-01,NaN,NaN,verb,delicesine sevmek/bunamak
entice,2021-07-02,NaN,NaN,verb,ayartmak/baştan çıkarmak
tenure,2021-07-02,NaN,NaN,"noun, verb",görev süresi/kadrolu olmak
impetus,2021-07-02,NaN,NaN,noun,dürtü/enerji
cesspool,2021-07-04,NaN,NaN,noun,lağım çukuru/foseptik
denizen,2021-07-04,NaN,NaN,noun,ikamet eden kimse/müdavim
pledge,2021-07-04,NaN,NaN,noun,taahhüt/vâât
kale,2021-07-06,NaN,NaN,noun,kıvırcık lahana/lahana
contraption,2021-07-06,NaN,NaN,noun,mekanizma
gospel,2021-07-06,NaN,NaN,noun,incil/hz isa´nın öğrettikleri
curt,2021-07-07,NaN,NaN,adjective,kaba ve kısa/kısa
lint,2021-07-07,NaN,NaN,noun,keten tiftiği/pamuk tiftiği
filch,2021-07-07,NaN,NaN,verb,yürütmek/aşırmak
stalwart,2021-07-08,NaN,NaN,adjective,güvenilir/gözüpek
precipitate,2021-07-08,NaN,NaN,verb,çökeltmek/hızlandırmak
surly,2021-07-08,NaN,NaN,adjective,somurtkan/huysuz
genial,2021-07-09,NaN,NaN,adjective,güler yüzlü/cana yakın
stolid,2021-07-09,NaN,NaN,adjective,ağırkanlı/hissiz
haggard,2021-07-09,NaN,NaN,adjective,bitkin/bezgin
dusk,2021-07-13,NaN,NaN,"noun, adjective",alaca karanlık/loş
vanquish,2021-07-13,NaN,NaN,verb,yenmek/hakkından gelmek
halberd,2021-07-13,NaN,historical,noun,teber/baltalı kargı
succinct,2021-07-19,NaN,NaN,adjective,özlü/kısa ve öz
tandem,2021-07-19,NaN,NaN,"noun, adjective, adverb",iki kişilik bisiklet/art arda dizili
pyromancer,2021-07-19,NaN,NaN,noun,ateşe bakarak kehanetlerde bulunan kimse
covariance,2021-08-31,NaN,NaN,noun,kovaryans/ortakdeğişke
pint,2021-08-31,of,NaN,noun,"bir galonun sekizde biri/ing 0,550 litre/abd 0,473 litre"
lexicography,2021-08-31,NaN,NaN,noun,sözlük bilimi
perseverance,2021-09-01,with,NaN,noun,azim/sebat
clench,2021-09-01,NaN,NaN,verb,sıkmak/perçinlemek
focal,2021-09-01,NaN,NaN,adjective,odak/merkez
exalt,2021-09-08,NaN,NaN,verb,yüceltmek/övmek
unanimous,2021-09-08,in,of two or more people,adjective,aynı fikirde/müttefik
apathy,2021-09-08,NaN,NaN,noun,apati/ilgisizlik/duygusuzluk
quirk,2021-09-09,NaN,NaN,noun,acayiplik/cinslik
scrutiny,2021-09-09,NaN,NaN,noun,dikkatli inceleme/ince eleyip sık dokuma
obviate,2021-09-09,NaN,NaN,verb,gidermek/çare bulmak
convoluted,2021-09-10,NaN,"(especially of an argument, story, or sentence)",adjective,sarmal/karmaşık
gritty,2021-09-10,NaN,NaN,adjective,kumlu/cesur
spotty,2021-09-10,NaN,NaN,adjective,lekeli/benekli
ecstasy,2021-09-12,NaN,NaN,noun,coşku/vecit
ephemeral,2021-09-12,NaN,NaN,adjective,geçici/kısa ömürlü
expedient,2021-09-12,NaN,NaN,"noun, adjective",umar/belki doğru olmayan fakat elverişli bir çare/münasip
intrinsically,2021-09-14,NaN,NaN,adverb,intrinsically/aslen
veracity,2021-09-14,of,NaN,noun,doğruluk/gerçeklik
tally,2021-09-14,NaN,NaN,noun,çetele/çentik
kurtosis,2021-09-15,NaN,NaN,noun,basıklık/sivrilik ölçüsü
propensity,2021-09-15,for,NaN,noun,eğilim/meyil
perk,2021-09-15,up,NaN,"noun, verb",ikramiye/neşelenmek/canlanmak
prepend,2021-09-16,NaN,NaN,verb,başa eklemek
uninitiated,2021-09-16,NaN,NaN,adjective,deneyimsiz/bilgisiz
alimony,2021-09-16,NaN,NaN,noun,nafaka
hibernate,2021-09-17,NaN,NaN,verb,kış uykusuna yatmak
hyphen,2021-09-17,NaN,NaN,noun,tire
rabies,2021-09-27,NaN,NaN,noun,kuduz
dire,2021-09-27,NaN,of a situation or event,adjective,acil/çok ciddi
slimy,2021-09-27,NaN,NaN,adjective,sümüksü
palpable,2021-09-28,NaN,of a feeling or atmosphere,adjective,somut/elle tutulur
perforce,2021-09-28,NaN,NaN,adverb,zorla/ister istemez
tantrum,2021-09-28,NaN,typically in a child.,noun,öfke nöbeti/sinir
ensnare,2021-10-28,in,NaN,verb,tuzağa düşürmek/kapana kıstırmak
amble,2021-10-28,NaN,NaN,verb,yavaş yavaş dolaşmak/rahvan koşmak
articulate,2021-10-28,NaN,(of a person or a person's words),adjective,açık/akıcı/belagatli
slant,2021-10-29,NaN,NaN,"noun, adjective",eğim/eğimli
devoid,2021-10-29,of,NaN,adjective,yoksun
interplay,2021-10-29,between,NaN,noun,etkileşim
forgo,2021-10-30,NaN,something pleasant or valuable,verb,feragat etmek/vazgeçmek
rein,2021-10-30,NaN,NaN,noun,dizgin/dizginleme
slack,2021-10-30,NaN,NaN,adjective,gevşek/laçka
die,2021-11-02,NaN,NaN,noun,pres kalıbı/metal ve diğer maddeleri şekillendirmek için kullanılan alet
ferrous,2021-11-02,NaN,NaN,adjective,demir içeren/demir
lathe,2021-11-02,NaN,NaN,noun,torna
gregarious,2021-11-03,NaN,NaN,adjective,sokulgan/sosyal
ingenuity,2021-11-03,NaN,NaN,noun,yaratıcılık/hüner
proliferate,2021-11-03,NaN,NaN,verb,hızla çoğalmak/tomurcuklanmak
urn,2021-11-07,NaN,NaN,noun,kavanoz/semaver
surplus,2021-11-07,NaN,NaN,adjective,fazla/artan
celibacy,2021-11-07,NaN,genellikle dini nedenlerden dolayı,noun,bekârlık/evlenmeme ve cinsel ilişkide bulunmama
fallacy,2021-11-23,NaN,NaN,noun,yanlış inanış/safsata
mill,2021-11-23,NaN,NaN,noun,imalathane/değirmen
jointly,2021-11-23,NaN,NaN,adverb,ortaklaşa/birlikte
accrue,2021-12-07,NaN,NaN,verb,artmak/tahakkuk etmek
catalog,2021-12-07,NaN,NaN,"verb, noun",listelemek/katalog
proclivity,2021-12-07,NaN,NaN,noun,eğilim/meyil
tariff,2021-12-08,NaN,NaN,noun,gümrük vergisi
excise,2021-12-08,NaN,NaN,"noun, verb",tüketim vergisi/vergilendirmek
nudge,2021-12-08,NaN,NaN,verb,dürtmek/hafifçe dirseklemek
levy,2021-12-09,NaN,NaN,"verb, noun",el koymak/toplamak/haciz
fiscal,2021-12-09,NaN,NaN,adjective,mali/devlet hazinesine ait
acre,2021-12-09,NaN,NaN,noun,dönüm
resuscitation,2021-12-13,NaN,NaN,verb,diriltme/canlandırma
pulmonary,2021-12-13,NaN,NaN,adjective,akciğerle ilgili
bushel,2021-12-13,NaN,NaN,noun,kile/ölçek
parish,2022-01-05,NaN,NaN,noun,kendi kilisesi ve cemaati olan bölge/mahalle
deferral,2022-01-05,NaN,NaN,noun,ertelenme/henüz gerçekleşmemiş bir gelirin veya giderin hesaplarda izlenmesi
clinch,2022-01-05,NaN,NaN,verb,perçinlemek/sağlama bağlamak
invoice,2022-01-14,NaN,NaN,noun,fatura
perpetual,2022-01-14,NaN,NaN,adjective,daimi/sürekli
calf,2022-01-14,NaN,NaN,noun,kocaman hayvan yavrusu/baldır
abrasive,2022-03-04,NaN,NaN,adjective,aşındırıcı/yıpratıcı
mortgage,2022-03-04,NaN,NaN,noun,ipotek/rehin
reentrant,2022-03-04,NaN,NaN,adjective,girintili
ombre,2022-06-01,NaN,NaN,"noun, adjective",bir kağıt oyunu/renk geçişli (kumaş)
crimp,2022-06-01,NaN,NaN,"noun, verb",kıvrım/kıvırmak/katlamak
rake,2022-06-01,NaN,NaN,noun,tırmık/hovarda
ubique,2022-06-02,NaN,NaN,adjective,her yerde bulunan/yaygın
knoll,2022-06-02,NaN,NaN,noun,tepe/küçük tepe
deft,2022-06-02,NaN,NaN,adjective,usta/becerikli
interloper,2022-06-05,NaN,NaN,noun,burnunu sokan kimse/araya giren
effusive,2022-06-05,NaN,NaN,adjective,coşkulu/taşkın
ward off,2022-06-05,NaN,NaN,verb,savuşturmak/atlatmak
